GDP_Growth,Inflation,Unemployment,InterestRate,survival_rate,year,forecast_type
0.6092816,0.50893956,5.933426,1.0602441,0.91507155,2023,LSTM
0.6127145,0.494497,5.9323955,1.3731797,0.9147991,2024,LSTM
0.614916,0.49276316,5.93935,1.6231395,0.91443986,2025,LSTM
0.615748,0.4971917,5.954599,1.832299,0.9140287,2026,LSTM
0.6208078,0.50381637,5.974273,2.0412288,0.91368824,2027,LSTM
