scenario,description,cumulative_impact,average_annual_impact,maximum_impact,impact_duration_years,average_uncertainty,risk_adjusted_impact
moderate_tax_cut,2% tax cut in year 1,0.00022276081421512828,4.4552162842825815e-05,4.4552162842825815e-05,0,0.02070706889392026,0.002151543662266302
aggressive_tax_cut,5% tax cut in year 1,0.0005569020355356002,0.00011138040710700903,0.00011138040710700903,0,0.02370706889392026,0.004698193927110611
phased_tax_cut,1% tax cut annually for 3 years,0.00013365648852836642,2.6731297705673283e-05,6.682824426418321e-05,0,0.01990706889392026,0.0013428042997247669
tax_increase,3% tax increase for deficit reduction,-0.00033414122132047197,-6.682824426418321e-05,-6.682824426418321e-05,0,0.021707068893920257,-0.0030786397090627263
