GDP_Growth,Inflation,Unemployment,InterestRate,survival_rate,year,forecast_type
0.7246344,0.6073159,6.8320827,0.91356987,0.9174762,2023,LSTM
0.7387221,0.62172556,6.817324,1.0023,0.9175427,2024,LSTM
0.7637804,0.63364816,6.816676,1.0554637,0.9177918,2025,LSTM
0.7891087,0.63775533,6.82377,1.1324964,0.9182147,2026,LSTM
0.82006234,0.64645374,6.84809,1.2029706,0.91879946,2027,LSTM
