year,lstm_survival_rate,dml_adjusted_rate,cf_adjusted_rate,ensemble_survival_rate,prediction_uncertainty,ci_lower,ci_upper,GDP_Growth,Unemployment,Inflation
2023,0.9174762,0.8790786262089291,0.9199341784167256,0.919657676696963,0.018707068893920258,0.8829918216648792,0.9563235317290467,0.7246344,6.8320827,0.6073159
2024,0.9175427,0.8791451449924984,0.920000697200295,0.919724195491541,0.018707068893920258,0.8830583404594573,0.9563900505236248,0.7387221,6.817324,0.62172556
2025,0.9177918,0.8793942328030148,0.9202497850108113,0.9199732827624564,0.018707068893920258,0.8833074277303726,0.9566391377945401,0.7637804,6.816676,0.63364816
2026,0.9182147,0.8798171277576962,0.9206726799654927,0.9203961763651072,0.018707068893920258,0.8837303213330234,0.9570620313971909,0.7891087,6.82377,0.63775533
2027,0.91879946,0.8804019089275875,0.9212574611353841,0.9209809571177161,0.018707068893920258,0.8843151020856324,0.9576468121497999,0.82006234,6.84809,0.64645374
