scenario,description,cumulative_impact,average_annual_impact,maximum_impact,impact_duration_years,average_uncertainty,risk_adjusted_impact
moderate_tax_cut,2% tax cut in year 1,0.00021814975994072228,4.362995198803343e-05,4.362995198803343e-05,0,0.02070706889392026,0.0021070076219644727
aggressive_tax_cut,5% tax cut in year 1,0.0005453743998504734,0.00010907487997002807,0.00010907487997002807,0,0.02370706889392026,0.00460094330758876
phased_tax_cut,1% tax cut annually for 3 years,0.00013088985596443337,2.6177971192797855e-05,6.544492798199464e-05,0,0.01990706889392026,0.0013150088208512085
tax_increase,3% tax increase for deficit reduction,-0.00032722463990975115,-6.544492798199464e-05,-6.544492798199464e-05,0,0.021707068893920257,-0.0030149131742206125
